{
  "properties": {
    "connectionReferences": {
      "shared_commondataserviceforapps_1": {
        "runtimeSource": "embedded",
        "connection": {
          "connectionReferenceLogicalName": "ahbpa_sharedcommondataserviceforapps_347f7"
        },
        "api": {
          "name": "shared_commondataserviceforapps"
        }
      }
    },
    "definition": {
      "$schema": "https://schema.management.azure.com/providers/Microsoft.Logic/schemas/2016-06-01/workflowdefinition.json#",
      "contentVersion": "1.0.0.0",
      "parameters": {
        "$connections": {
          "defaultValue": {},
          "type": "Object"
        },
        "$authentication": {
          "defaultValue": {},
          "type": "SecureObject"
        }
      },
      "triggers": {
        "manual": {
          "metadata": {
            "operationMetadataId": "b7b1079f-21fe-4072-9d94-b4941c2d0e52"
          },
          "type": "Request",
          "kind": "Http",
          "inputs": {
            "schema": {
              "type": "object",
              "properties": {
                "text": {
                  "type": "string"
                }
              }
            }
          }
        }
      },
      "actions": {
        "Parse_JSON": {
          "runAfter": {
            "Classify_text_into_categories_with_one_of_your_custom_models": [
              "Succeeded"
            ]
          },
          "metadata": {
            "operationMetadataId": "51ecc3c9-ca66-4ce3-91b4-5caadbe1030c"
          },
          "type": "ParseJson",
          "inputs": {
            "content": "@body('Classify_text_into_categories_with_one_of_your_custom_models')",
            "schema": {
              "type": "object",
              "properties": {
                "@@odata.context": {
                  "type": "string"
                },
                "responsev2": {
                  "type": "object",
                  "properties": {
                    "@@odata.type": {
                      "type": "string"
                    },
                    "operationStatus": {
                      "type": "string"
                    },
                    "predictionOutput": {
                      "type": "object",
                      "properties": {
                        "@@odata.type": {
                          "type": "string"
                        },
                        "results@odata.type": {
                          "type": "string"
                        },
                        "results": {
                          "type": "array",
                          "items": {
                            "type": "object",
                            "properties": {
                              "@@odata.type": {
                                "type": "string"
                              },
                              "type": {
                                "type": "string"
                              },
                              "score": {
                                "type": "number"
                              }
                            },
                            "required": [
                              "@@odata.type",
                              "type",
                              "score"
                            ]
                          }
                        }
                      }
                    }
                  }
                }
              }
            }
          }
        },
        "Initialize_variable_-_Predictions": {
          "runAfter": {
            "Parse_JSON": [
              "Succeeded"
            ]
          },
          "metadata": {
            "operationMetadataId": "b6dee42e-05aa-41e5-ad6f-865c17580288"
          },
          "type": "InitializeVariable",
          "inputs": {
            "variables": [
              {
                "name": "varPredictions",
                "type": "array"
              }
            ]
          }
        },
        "Apply_to_each": {
          "foreach": "@body('Parse_JSON')?['responsev2']?['predictionOutput']?['results']",
          "actions": {
            "Check_Score_threshold": {
              "actions": {
                "Append_to_array_variable_-_prediction": {
                  "runAfter": {},
                  "metadata": {
                    "operationMetadataId": "5eb90cc2-cdb0-4ff5-974a-28434a587970"
                  },
                  "type": "AppendToArrayVariable",
                  "inputs": {
                    "name": "varPredictions",
                    "value": {
                      "type": "@{items('Apply_to_each')?['type']}",
                      "score": "@items('Apply_to_each')?['score']"
                    }
                  }
                }
              },
              "runAfter": {},
              "expression": {
                "and": [
                  {
                    "greaterOrEquals": [
                      "@items('Apply_to_each')?['score']",
                      0.55
                    ]
                  },
                  {
                    "not": {
                      "equals": [
                        "@items('Apply_to_each')?['type']",
                        "none"
                      ]
                    }
                  }
                ]
              },
              "metadata": {
                "operationMetadataId": "28107f2b-ffe7-426c-adeb-be8fb102c105"
              },
              "type": "If"
            }
          },
          "runAfter": {
            "Initialize_variable__-_Output": [
              "Succeeded"
            ]
          },
          "metadata": {
            "operationMetadataId": "23b0d20f-82fe-4684-93b1-71317e325231"
          },
          "type": "Foreach"
        },
        "Classify_text_into_categories_with_one_of_your_custom_models": {
          "runAfter": {},
          "metadata": {
            "operationMetadataId": "298da556-25e6-490d-a4a0-69af7de76c59",
            "flowSystemMetadata": {
              "portalOperationId": "aibuilderpredict_textclassification",
              "portalOperationGroup": "aibuilder",
              "portalOperationApiDisplayNameOverride": "AI Builder",
              "portalOperationIconOverride": "https://psuxemea.azureedge.net/Content/Images/DesignerOperations/aiBuilderNew.png",
              "portalOperationBrandColorOverride": "#0A76C4",
              "portalOperationApiTierOverride": "Standard"
            }
          },
          "type": "OpenApiConnection",
          "inputs": {
            "host": {
              "connectionName": "shared_commondataserviceforapps_1",
              "operationId": "aibuilderpredict_textclassification",
              "apiId": "/providers/Microsoft.PowerApps/apis/shared_commondataserviceforapps"
            },
            "parameters": {
              "recordId": "3dc6be26-2e49-4eff-b79e-8da30d2c22de",
              "item/requestv2/text": "@triggerBody()?['text']",
              "item/requestv2/language": "Detect automatically"
            },
            "authentication": "@parameters('$authentication')"
          }
        },
        "Check_if_there_are_any_predictions": {
          "actions": {
            "Set_variable_to_none_for_no_predictions": {
              "runAfter": {},
              "metadata": {
                "operationMetadataId": "d16d4436-b02f-4f93-a50f-170241866053"
              },
              "type": "SetVariable",
              "inputs": {
                "name": "varOutput",
                "value": "{\n   \"inputText\":\"@{triggerBody()?['text']}\",\n  \"mentalHealthPrediction\":[]\n}"
              }
            }
          },
          "runAfter": {
            "Compose": [
              "Succeeded"
            ]
          },
          "else": {
            "actions": {
              "Set_variable_2": {
                "runAfter": {},
                "metadata": {
                  "operationMetadataId": "a787ee29-5d89-4ace-a0cd-afb7ed963ef1"
                },
                "type": "SetVariable",
                "inputs": {
                  "name": "varOutput",
                  "value": "{\n  \"inputText\":\"@{triggerBody()?['text']}\",\n  \"mentalHealthPrediction\":@{outputs('Compose')}\n}"
                }
              }
            }
          },
          "expression": {
            "lessOrEquals": [
              "@length(variables('varPredictions'))",
              0
            ]
          },
          "metadata": {
            "operationMetadataId": "70b82747-1327-4778-92cf-b275f38a0495"
          },
          "type": "If"
        },
        "Initialize_variable__-_Output": {
          "runAfter": {
            "Initialize_variable_-_Single_Prediction": [
              "Succeeded"
            ]
          },
          "metadata": {
            "operationMetadataId": "477add59-c712-4b95-a52c-134fed4f014d"
          },
          "type": "InitializeVariable",
          "inputs": {
            "variables": [
              {
                "name": "varOutput",
                "type": "string"
              }
            ]
          }
        },
        "Response": {
          "runAfter": {
            "Check_if_there_are_any_predictions": [
              "Succeeded"
            ]
          },
          "metadata": {
            "operationMetadataId": "96a90c75-6936-45ac-9214-47bcdcb4361a"
          },
          "type": "Response",
          "kind": "Http",
          "inputs": {
            "statusCode": 200,
            "headers": {
              "Content-Type": "application/json"
            },
            "body": "@variables('varOutput')",
            "schema": {
              "type": "object",
              "properties": {
                "inputText": {
                  "type": "string"
                },
                "prediction": {
                  "type": "string"
                }
              }
            }
          }
        },
        "Initialize_variable_-_Single_Prediction": {
          "runAfter": {
            "Initialize_variable_-_Predictions": [
              "Succeeded"
            ]
          },
          "metadata": {
            "operationMetadataId": "0e55a3ed-2444-4bf9-adcf-de78c9b3b123"
          },
          "type": "InitializeVariable",
          "inputs": {
            "variables": [
              {
                "name": "varSinglePrediction",
                "type": "object",
                "value": {
                  "type": "",
                  "score": 0
                }
              }
            ]
          }
        },
        "Compose": {
          "runAfter": {
            "Apply_to_each": [
              "Succeeded"
            ]
          },
          "metadata": {
            "operationMetadataId": "bd39f7d2-1145-4d6f-be53-7b54818479b2"
          },
          "type": "Compose",
          "inputs": "@variables('varPredictions')"
        }
      },
      "outputs": {}
    },
    "templateName": null
  },
  "schemaVersion": "1.0.0.0"
}