{
  "properties": {
    "connectionReferences": {
      "shared_commondataserviceforapps": {
        "runtimeSource": "embedded",
        "connection": {
          "connectionReferenceLogicalName": "ahbpa_sharedcommondataserviceforapps_347f7"
        },
        "api": {
          "name": "shared_commondataserviceforapps"
        }
      }
    },
    "definition": {
      "$schema": "https://schema.management.azure.com/providers/Microsoft.Logic/schemas/2016-06-01/workflowdefinition.json#",
      "contentVersion": "1.0.0.0",
      "parameters": {
        "$connections": {
          "defaultValue": {},
          "type": "Object"
        },
        "$authentication": {
          "defaultValue": {},
          "type": "SecureObject"
        }
      },
      "triggers": {
        "manual": {
          "metadata": {
            "operationMetadataId": "d99b75aa-644d-4287-88c2-6e11180ae5e4"
          },
          "type": "Request",
          "kind": "Http",
          "inputs": {
            "schema": {
              "type": "object",
              "properties": {
                "isAnxious": {
                  "type": "integer"
                },
                "isDepression": {
                  "type": "integer"
                },
                "isSuicidal": {
                  "type": "integer"
                },
                "userInputText": {
                  "type": "string"
                }
              }
            }
          }
        }
      },
      "actions": {
        "Add_a_new_row": {
          "runAfter": {
            "Parse_JSON": [
              "Succeeded"
            ]
          },
          "metadata": {
            "operationMetadataId": "db880c73-fc1a-4db2-848f-3741f5ec4ad0"
          },
          "type": "OpenApiConnection",
          "inputs": {
            "host": {
              "connectionName": "shared_commondataserviceforapps",
              "operationId": "CreateRecord",
              "apiId": "/providers/Microsoft.PowerApps/apis/shared_commondataserviceforapps"
            },
            "parameters": {
              "entityName": "mentalhc_chatconversationpredictionses",
              "item/mentalhc_isanxious": "@body('Parse_JSON')?['isAnxious']",
              "item/mentalhc_isdepression": "@body('Parse_JSON')?['isDepression']",
              "item/mentalhc_issuicidal": "@body('Parse_JSON')?['isSuicidal']",
              "item/mentalhc_userinputtext": "@body('Parse_JSON')?['userInputText']"
            },
            "authentication": "@parameters('$authentication')"
          }
        },
        "Parse_JSON": {
          "runAfter": {},
          "metadata": {
            "operationMetadataId": "63d30d60-e85b-4b4c-81de-7d47567cca3e"
          },
          "type": "ParseJson",
          "inputs": {
            "content": "@triggerBody()",
            "schema": {
              "type": "object",
              "properties": {
                "isAnxious": {
                  "type": "integer"
                },
                "isDepression": {
                  "type": "integer"
                },
                "isSuicidal": {
                  "type": "integer"
                },
                "userInputText": {
                  "type": "string"
                }
              }
            }
          }
        },
        "Response": {
          "runAfter": {
            "Add_a_new_row": [
              "Succeeded"
            ]
          },
          "metadata": {
            "operationMetadataId": "ed2f7dbb-7c65-4918-aa37-40f734f9fbcf"
          },
          "type": "Response",
          "kind": "Http",
          "inputs": {
            "statusCode": 200
          }
        }
      },
      "outputs": {}
    },
    "templateName": null
  },
  "schemaVersion": "1.0.0.0"
}