{
  "properties": {
    "connectionReferences": {},
    "definition": {
      "$schema": "https://schema.management.azure.com/providers/Microsoft.Logic/schemas/2016-06-01/workflowdefinition.json#",
      "contentVersion": "1.0.0.0",
      "parameters": {
        "$authentication": {
          "defaultValue": {},
          "type": "SecureObject"
        }
      },
      "triggers": {
        "manual": {
          "metadata": {
            "operationMetadataId": "17371667-7107-4f32-bbb4-646547b7c8af"
          },
          "type": "Request",
          "kind": "VirtualAgent",
          "inputs": {
            "schema": {
              "type": "object",
              "properties": {
                "text": {
                  "title": "inputUserText",
                  "type": "string",
                  "x-ms-dynamically-added": true,
                  "description": "Please enter your input",
                  "x-ms-content-hint": "TEXT"
                }
              },
              "required": [
                "text"
              ]
            }
          }
        }
      },
      "actions": {
        "Child_flow_-_Get_Mental_health_check_predictions": {
          "runAfter": {},
          "metadata": {
            "operationMetadataId": "bc712275-c48a-43b0-ada7-446c37fba213"
          },
          "type": "Workflow",
          "inputs": {
            "host": {
              "workflowReferenceName": "5c3de1ca-23eb-ec11-bb3d-000d3a36b747"
            },
            "body": {
              "text": "@replace(triggerBody()['text'],'\"',' ')"
            }
          }
        },
        "Parse_JSON": {
          "runAfter": {
            "Child_flow_-_Get_Mental_health_check_predictions": [
              "Succeeded"
            ]
          },
          "metadata": {
            "operationMetadataId": "0e6fca89-49b2-4525-bd5e-8240812ae7fb"
          },
          "type": "ParseJson",
          "inputs": {
            "content": "@body('Child_flow_-_Get_Mental_health_check_predictions')",
            "schema": {
              "type": "object",
              "properties": {
                "inputText": {
                  "type": "string"
                },
                "mentalHealthPrediction": {
                  "type": "array"
                }
              }
            }
          }
        },
        "Initialize_variable_-_Is_Anxious": {
          "runAfter": {
            "Parse_JSON": [
              "Succeeded"
            ]
          },
          "metadata": {
            "operationMetadataId": "d1aad686-87cd-4402-a578-354c2205261f"
          },
          "type": "InitializeVariable",
          "inputs": {
            "variables": [
              {
                "name": "varIsAnxious",
                "type": "boolean",
                "value": false
              }
            ]
          }
        },
        "Initialize_variable_-_Is_Suicidal": {
          "runAfter": {
            "Initialize_variable_-_Is_Anxious": [
              "Succeeded"
            ]
          },
          "metadata": {
            "operationMetadataId": "52db2958-9a89-46d6-b041-f9cb02f15bfd"
          },
          "type": "InitializeVariable",
          "inputs": {
            "variables": [
              {
                "name": "varIsSuicidal",
                "type": "boolean",
                "value": false
              }
            ]
          }
        },
        "Initialize_variable_-_Is_Depressed": {
          "runAfter": {
            "Initialize_variable_-_Is_Suicidal": [
              "Succeeded"
            ]
          },
          "metadata": {
            "operationMetadataId": "6fce03d3-db75-4bc2-9847-bfc9d27cfaf3"
          },
          "type": "InitializeVariable",
          "inputs": {
            "variables": [
              {
                "name": "varIsDepressed",
                "type": "boolean",
                "value": false
              }
            ]
          }
        },
        "Return_value(s)_to_Power_Virtual_Agents": {
          "runAfter": {
            "Condition_-_If_there_are_predictions": [
              "Succeeded"
            ]
          },
          "metadata": {
            "operationMetadataId": "6f987b1e-bece-4ad0-ae79-236b6f66c70f"
          },
          "type": "Response",
          "kind": "VirtualAgent",
          "inputs": {
            "statusCode": 200,
            "body": {
              "isanxious": "@{variables('varIsAnxious')}",
              "isdepressed": "@{variables('varIsDepressed')}",
              "issuicidal": "@{variables('varIsSuicidal')}"
            },
            "schema": {
              "type": "object",
              "properties": {
                "isanxious": {
                  "title": "IsAnxious",
                  "x-ms-dynamically-added": true,
                  "type": "boolean"
                },
                "isdepressed": {
                  "title": "IsDepressed",
                  "x-ms-dynamically-added": true,
                  "type": "boolean"
                },
                "issuicidal": {
                  "title": "IsSuicidal",
                  "x-ms-dynamically-added": true,
                  "type": "boolean"
                }
              }
            }
          }
        },
        "Condition_-_If_there_are_predictions": {
          "actions": {
            "Apply_to_each": {
              "foreach": "@body('Parse_JSON')?['mentalHealthPrediction']",
              "actions": {
                "Condition_-_If_Anxiety": {
                  "actions": {
                    "Set_variable": {
                      "runAfter": {},
                      "metadata": {
                        "operationMetadataId": "62bad2e1-38dd-46a1-bfbe-5c80314119e1"
                      },
                      "type": "SetVariable",
                      "inputs": {
                        "name": "varIsAnxious",
                        "value": true
                      }
                    }
                  },
                  "runAfter": {},
                  "expression": {
                    "equals": [
                      "@toUpper(item()?['type'])",
                      "ANXIETY"
                    ]
                  },
                  "metadata": {
                    "operationMetadataId": "c7558640-a49b-43d3-900d-5190230d293a"
                  },
                  "type": "If"
                },
                "Condition_-_If_Depression": {
                  "actions": {
                    "Set_variable_2": {
                      "runAfter": {},
                      "metadata": {
                        "operationMetadataId": "6684a1ca-cb10-452f-abf1-02ff7bc27b2e"
                      },
                      "type": "SetVariable",
                      "inputs": {
                        "name": "varIsDepressed",
                        "value": true
                      }
                    }
                  },
                  "runAfter": {
                    "Condition_-_If_Anxiety": [
                      "Succeeded"
                    ]
                  },
                  "expression": {
                    "equals": [
                      "@toUpper(item()?['type'])",
                      "DEPRESSION"
                    ]
                  },
                  "metadata": {
                    "operationMetadataId": "7f22830d-0cc6-4d38-af6c-e008ab1d9a78"
                  },
                  "type": "If"
                },
                "Condition_-_If_suicidal": {
                  "actions": {
                    "Set_variable_3": {
                      "runAfter": {},
                      "metadata": {
                        "operationMetadataId": "16a6dafa-a007-495f-a890-516f9302311f"
                      },
                      "type": "SetVariable",
                      "inputs": {
                        "name": "varIsSuicidal",
                        "value": true
                      }
                    }
                  },
                  "runAfter": {
                    "Condition_-_If_Depression": [
                      "Succeeded"
                    ]
                  },
                  "expression": {
                    "equals": [
                      "@toUpper(item()?['type'])",
                      "SUICIDE"
                    ]
                  },
                  "metadata": {
                    "operationMetadataId": "899f0e72-f404-434e-9959-dec4ded66868"
                  },
                  "type": "If"
                }
              },
              "runAfter": {},
              "metadata": {
                "operationMetadataId": "1fe69a2b-71a8-4afd-a670-119006273d5f"
              },
              "type": "Foreach"
            },
            "Child_flow__-_Save_predictions_to_Dataverse": {
              "runAfter": {
                "Apply_to_each": [
                  "Succeeded"
                ]
              },
              "metadata": {
                "operationMetadataId": "3d3d91b0-4f73-4ee8-9f04-d1bcd429f74b"
              },
              "type": "Workflow",
              "inputs": {
                "host": {
                  "workflowReferenceName": "231a72ae-a0f0-ec11-bb3d-000d3a36b747"
                },
                "body": {
                  "isAnxious": "@if(variables('varIsAnxious'),1,0)",
                  "isDepression": "@if(variables('varIsDepressed'),1,0)",
                  "isSuicidal": "@if(variables('varIsSuicidal'),1,0)",
                  "userInputText": "@triggerBody()['text']"
                }
              }
            }
          },
          "runAfter": {
            "Initialize_variable_-_Is_Depressed": [
              "Succeeded"
            ]
          },
          "expression": {
            "greater": [
              "@length(body('Parse_JSON')?['mentalHealthPrediction'])",
              0
            ]
          },
          "metadata": {
            "operationMetadataId": "b143bf44-5593-4144-aaf0-86d13ab29199"
          },
          "type": "If"
        }
      }
    }
  },
  "schemaVersion": "1.0.0.0"
}