{
  "properties": {
    "connectionReferences": {
      "shared_teams": {
        "runtimeSource": "embedded",
        "connection": {
          "connectionReferenceLogicalName": "lennar_sharedteams_7fff4"
        },
        "api": {
          "name": "shared_teams"
        }
      },
      "shared_commondataserviceforapps": {
        "runtimeSource": "embedded",
        "connection": {
          "connectionReferenceLogicalName": "ahbpa_sharedcommondataserviceforapps_347f7"
        },
        "api": {
          "name": "shared_commondataserviceforapps"
        }
      }
    },
    "definition": {
      "$schema": "https://schema.management.azure.com/providers/Microsoft.Logic/schemas/2016-06-01/workflowdefinition.json#",
      "contentVersion": "1.0.0.0",
      "parameters": {
        "$connections": {
          "defaultValue": {},
          "type": "Object"
        },
        "$authentication": {
          "defaultValue": {},
          "type": "SecureObject"
        },
        "bot_sam_image (mentalhc_bot_sam_image)": {
          "defaultValue": "",
          "type": "String",
          "metadata": {
            "schemaName": "mentalhc_bot_sam_image"
          }
        }
      },
      "triggers": {
        "When_a_row_is_added,_modified_or_deleted": {
          "metadata": {
            "operationMetadataId": "ebb6476f-afe0-4567-81be-8c17d605c823"
          },
          "type": "OpenApiConnectionWebhook",
          "inputs": {
            "host": {
              "connectionName": "shared_commondataserviceforapps",
              "operationId": "SubscribeWebhookTrigger",
              "apiId": "/providers/Microsoft.PowerApps/apis/shared_commondataserviceforapps"
            },
            "parameters": {
              "subscriptionRequest/message": 1,
              "subscriptionRequest/entityname": "mentalhc_chatconversationpredictions",
              "subscriptionRequest/scope": 4
            },
            "authentication": "@parameters('$authentication')"
          }
        }
      },
      "actions": {
        "Initialize_variable": {
          "runAfter": {
            "Condition": [
              "Succeeded"
            ]
          },
          "metadata": {
            "operationMetadataId": "1b28279f-f258-4b21-9e46-457d906526c3"
          },
          "type": "InitializeVariable",
          "inputs": {
            "variables": [
              {
                "name": "vartest",
                "type": "object",
                "value": "@triggerOutputs()?['body']"
              }
            ]
          }
        },
        "Condition": {
          "actions": {
            "Post_adaptive_card_in_a_chat_or_channel": {
              "runAfter": {},
              "metadata": {
                "operationMetadataId": "f524d822-be3b-4e61-963e-95978cf13e23"
              },
              "type": "OpenApiConnection",
              "inputs": {
                "host": {
                  "connectionName": "shared_teams",
                  "operationId": "PostCardToConversation",
                  "apiId": "/providers/Microsoft.PowerApps/apis/shared_teams"
                },
                "parameters": {
                  "poster": "Flow bot",
                  "location": "Chat with Flow bot",
                  "body/recipient": "",
                  "body/messageBody": "{\n    \"type\": \"AdaptiveCard\",\n    \"body\": [\n        {\n            \"type\": \"ColumnSet\",\n            \"columns\": [\n                {\n                    \"type\": \"Column\",\n                    \"width\": \"auto\",\n                    \"items\": [\n                        {\n                            \"type\": \"Image\",\n                            \"url\": \"@{parameters('bot_sam_image (mentalhc_bot_sam_image)')}\",\n                            \"size\": \"small\",\n                            \"style\": \"person\"\n                        }\n                    ]\n                },\n                {\n                    \"type\": \"Column\",\n                    \"width\": \"stretch\",\n                    \"items\": [\n                        {\n                            \"type\": \"TextBlock\",\n                            \"size\": \"large\",\n                            \"weight\": \"bolder\",\n                            \"text\": \"Sam - Suicide Intervention Notice\",\n                            \"color\": \"attention\",\n                            \"height\": \"stretch\"\n                        }\n                    ],\n                    \"backgroundImage\": {\n                        \"verticalAlignment\": \"Center\"\n                    }\n                }\n            ],\n            \"height\": \"stretch\"\n        },\n        {\n            \"type\": \"ColumnSet\",\n            \"columns\": [\n                {\n                    \"type\": \"Column\",\n                    \"width\": \"auto\",\n                    \"items\": [\n                        {\n                            \"type\": \"TextBlock\",\n                            \"text\": \"Name: \",\n                            \"wrap\": true,\n                            \"id\": \"textName\"\n                        }\n                    ]\n                },\n                {\n                    \"type\": \"Column\",\n                    \"width\": \"stretch\",\n                    \"items\": [\n                        {\n                            \"type\": \"TextBlock\",\n                            \"weight\": \"Bolder\",\n                            \"text\": \"Jane Doe\",\n                            \"wrap\": true\n                        }\n                    ]\n                }\n            ],\n            \"spacing\": \"Medium\",\n            \"separator\": true\n        },\n        {\n            \"type\": \"TextBlock\",\n            \"text\": \"Please call the user at (1)222-333-4444.\",\n            \"wrap\": true,\n            \"spacing\": \"Medium\",\n            \"weight\": \"Bolder\",\n            \"color\": \"Accent\",\n            \"isSubtle\": true\n        },\n        {\n            \"type\": \"TextBlock\",\n            \"text\": \"User Entered Text\",\n            \"wrap\": true,\n            \"weight\": \"Bolder\",\n            \"color\": \"Dark\",\n            \"spacing\": \"Medium\"\n        },\n        {\n            \"type\": \"TextBlock\",\n            \"text\": \"@{triggerOutputs()?['body/mentalhc_userinputtext']}\",\n            \"wrap\": true,\n            \"spacing\": \"Small\"\n        }\n    ],\n    \"$schema\": \"http://adaptivecards.io/schemas/adaptive-card.json\",\n    \"version\": \"1.3\"\n}"
                },
                "authentication": "@parameters('$authentication')"
              }
            }
          },
          "runAfter": {},
          "expression": {
            "equals": [
              "@triggerOutputs()?['body/mentalhc_issuicidal']",
              1
            ]
          },
          "metadata": {
            "operationMetadataId": "a625f527-2acd-4118-99b6-e64e53cb1901"
          },
          "type": "If"
        }
      },
      "outputs": {}
    }
  },
  "schemaVersion": "1.0.0.0"
}