<ImportExportXml version="9.2.22053.146" SolutionPackageVersion="9.2" languagecode="1033" generatedBy="CrmLive" xmlns:xsi="http://www.w3.org/2001/XMLSchema-instance">
  <SolutionManifest>
    <UniqueName>MentalHealthCheck</UniqueName>
    <LocalizedNames>
      <LocalizedName description="Mental Health Check" languagecode="1033" />
    </LocalizedNames>
    <Descriptions />
    <Version>1.0.0.0</Version>
    <Managed>0</Managed>
    <Publisher>
      <UniqueName>mentalhealthcheck</UniqueName>
      <LocalizedNames>
        <LocalizedName description="mentalhealthcheck" languagecode="1033" />
      </LocalizedNames>
      <Descriptions />
      <EMailAddress xsi:nil="true"></EMailAddress>
      <SupportingWebsiteUrl xsi:nil="true"></SupportingWebsiteUrl>
      <CustomizationPrefix>mentalhc</CustomizationPrefix>
      <CustomizationOptionValuePrefix>35460</CustomizationOptionValuePrefix>
      <Addresses>
        <Address>
          <AddressNumber>1</AddressNumber>
          <AddressTypeCode>1</AddressTypeCode>
          <City xsi:nil="true"></City>
          <County xsi:nil="true"></County>
          <Country xsi:nil="true"></Country>
          <Fax xsi:nil="true"></Fax>
          <FreightTermsCode xsi:nil="true"></FreightTermsCode>
          <ImportSequenceNumber xsi:nil="true"></ImportSequenceNumber>
          <Latitude xsi:nil="true"></Latitude>
          <Line1 xsi:nil="true"></Line1>
          <Line2 xsi:nil="true"></Line2>
          <Line3 xsi:nil="true"></Line3>
          <Longitude xsi:nil="true"></Longitude>
          <Name xsi:nil="true"></Name>
          <PostalCode xsi:nil="true"></PostalCode>
          <PostOfficeBox xsi:nil="true"></PostOfficeBox>
          <PrimaryContactName xsi:nil="true"></PrimaryContactName>
          <ShippingMethodCode>1</ShippingMethodCode>
          <StateOrProvince xsi:nil="true"></StateOrProvince>
          <Telephone1 xsi:nil="true"></Telephone1>
          <Telephone2 xsi:nil="true"></Telephone2>
          <Telephone3 xsi:nil="true"></Telephone3>
          <TimeZoneRuleVersionNumber xsi:nil="true"></TimeZoneRuleVersionNumber>
          <UPSZone xsi:nil="true"></UPSZone>
          <UTCOffset xsi:nil="true"></UTCOffset>
          <UTCConversionTimeZoneCode xsi:nil="true"></UTCConversionTimeZoneCode>
        </Address>
        <Address>
          <AddressNumber>2</AddressNumber>
          <AddressTypeCode>1</AddressTypeCode>
          <City xsi:nil="true"></City>
          <County xsi:nil="true"></County>
          <Country xsi:nil="true"></Country>
          <Fax xsi:nil="true"></Fax>
          <FreightTermsCode xsi:nil="true"></FreightTermsCode>
          <ImportSequenceNumber xsi:nil="true"></ImportSequenceNumber>
          <Latitude xsi:nil="true"></Latitude>
          <Line1 xsi:nil="true"></Line1>
          <Line2 xsi:nil="true"></Line2>
          <Line3 xsi:nil="true"></Line3>
          <Longitude xsi:nil="true"></Longitude>
          <Name xsi:nil="true"></Name>
          <PostalCode xsi:nil="true"></PostalCode>
          <PostOfficeBox xsi:nil="true"></PostOfficeBox>
          <PrimaryContactName xsi:nil="true"></PrimaryContactName>
          <ShippingMethodCode>1</ShippingMethodCode>
          <StateOrProvince xsi:nil="true"></StateOrProvince>
          <Telephone1 xsi:nil="true"></Telephone1>
          <Telephone2 xsi:nil="true"></Telephone2>
          <Telephone3 xsi:nil="true"></Telephone3>
          <TimeZoneRuleVersionNumber xsi:nil="true"></TimeZoneRuleVersionNumber>
          <UPSZone xsi:nil="true"></UPSZone>
          <UTCOffset xsi:nil="true"></UTCOffset>
          <UTCConversionTimeZoneCode xsi:nil="true"></UTCConversionTimeZoneCode>
        </Address>
      </Addresses>
    </Publisher>
    <RootComponents>
      <RootComponent type="1" schemaName="mentalhc_chatconversationpredictions" behavior="0" />
      <RootComponent type="1" schemaName="mentalhc_mentalhealthdatasourcev2" behavior="0" />
      <RootComponent type="29" id="{231a72ae-a0f0-ec11-bb3d-000d3a36b747}" behavior="0" />
      <RootComponent type="29" id="{5c3de1ca-23eb-ec11-bb3d-000d3a36b747}" behavior="0" />
      <RootComponent type="29" id="{6df2eee8-05ed-ec11-bb3d-000d3a36b747}" behavior="0" />
      <RootComponent type="29" id="{e344d44b-b7ec-ec11-bb3d-000d3a36b747}" behavior="0" />
      <RootComponent type="401" id="{3dc6be26-2e49-4eff-b79e-8da30d2c22de}" behavior="0" />
    </RootComponents>
    <MissingDependencies>
      <MissingDependency>
        <Required type="connectionreference" displayName="ahbpa_sharedcommondataserviceforapps_347f7" solution="Active" id.connectionreferencelogicalname="ahbpa_sharedcommondataserviceforapps_347f7" />
        <Dependent type="29" displayName="SaveDataToDataverse" id="{231a72ae-a0f0-ec11-bb3d-000d3a36b747}" />
      </MissingDependency>
      <MissingDependency>
        <Required type="connectionreference" displayName="ahbpa_sharedcommondataserviceforapps_347f7" solution="Active" id.connectionreferencelogicalname="ahbpa_sharedcommondataserviceforapps_347f7" />
        <Dependent type="29" displayName="PredictMentalHealthFlow" id="{5c3de1ca-23eb-ec11-bb3d-000d3a36b747}" />
      </MissingDependency>
      <MissingDependency>
        <Required type="connectionreference" displayName="ahbpa_sharedcommondataserviceforapps_347f7" solution="Active" id.connectionreferencelogicalname="ahbpa_sharedcommondataserviceforapps_347f7" />
        <Dependent type="29" displayName="GetTeamNotified" id="{6df2eee8-05ed-ec11-bb3d-000d3a36b747}" />
      </MissingDependency>
      <MissingDependency>
        <Required type="connectionreference" displayName="lennar_sharedteams_7fff4" solution="Active" id.connectionreferencelogicalname="lennar_sharedteams_7fff4" />
        <Dependent type="29" displayName="GetTeamNotified" id="{6df2eee8-05ed-ec11-bb3d-000d3a36b747}" />
      </MissingDependency>
    </MissingDependencies>
  </SolutionManifest>
</ImportExportXml>