{
  "intents": [
    {
      "dialogId": "new_topic_172a1c90d4464b4cb09699d009b8fa3a",
      "isTriggeringEnabled": true,
      "id": "new_topic_172a1c90d4464b4cb09699d009b8fa3a",
      "displayName": "AnxietyTopic",
      "createdTime": "2022-06-15T20:29:11.9942104Z",
      "updatedTime": "2022-06-15T22:04:38.2004885Z",
      "createdUserId": "41bfaa7d-f27c-4763-b237-7be097f2ecad",
      "updatedUserId": "41bfaa7d-f27c-4763-b237-7be097f2ecad"
    }
  ],
  "dialogs": [
    {
      "rootNodeId": "2256848d-c2a5-402c-8cb1-cfbc750af00b",
      "messageNodes": [
        {
          "botMessageId": "de9f5ed8-0f93-4056-9ef3-ef7da454b2aa",
          "nodeType": "BotMessageNode",
          "id": "2a408548-37b2-4c1e-90fc-6675d27332da",
          "defaultTargetNodeId": "86324377-b184-46de-a2fe-4b8f88152e77"
        },
        {
          "botMessageId": "c7c2c1de-7d0f-4930-acf4-6cd52854a8f3",
          "nodeType": "BotMessageNode",
          "id": "86324377-b184-46de-a2fe-4b8f88152e77",
          "defaultTargetNodeId": "aaa447bb-d1d3-48d0-9bb5-223798b93f19"
        },
        {
          "botMessageId": "f929132d-919d-48e6-b0a8-2f0e43aec428",
          "nodeType": "BotMessageNode",
          "id": "2256848d-c2a5-402c-8cb1-cfbc750af00b",
          "defaultTargetNodeId": "2a408548-37b2-4c1e-90fc-6675d27332da"
        },
        {
          "botMessageId": "7555a284-4e89-4555-8d5b-6b378a6773d5",
          "nodeType": "BotMessageNode",
          "id": "aaa447bb-d1d3-48d0-9bb5-223798b93f19"
        }
      ],
      "id": "new_topic_172a1c90d4464b4cb09699d009b8fa3a",
      "displayName": "Untitled",
      "createdTime": "2022-06-15T20:29:11.9942104Z",
      "updatedTime": "2022-06-15T22:04:38.2004885Z",
      "createdUserId": "41bfaa7d-f27c-4763-b237-7be097f2ecad",
      "updatedUserId": "41bfaa7d-f27c-4763-b237-7be097f2ecad"
    }
  ],
  "botMessages": [
    {
      "channelContent": {
        "web": {
          "contentFormat": "Markdown",
          "content": " I believe in you. You can and will get through this."
        }
      },
      "id": "de9f5ed8-0f93-4056-9ef3-ef7da454b2aa",
      "createdTime": "2022-06-15T21:16:34.862Z",
      "updatedTime": "2022-06-15T21:16:34.862Z",
      "createdUserId": "user-0",
      "updatedUserId": "user-0"
    },
    {
      "channelContent": {
        "web": {
          "contentFormat": "Markdown",
          "content": "What you’re going through is so hard. I’m here if you need help figuring out how to handle it."
        }
      },
      "id": "c7c2c1de-7d0f-4930-acf4-6cd52854a8f3",
      "createdTime": "2022-06-15T22:02:28.766Z",
      "updatedTime": "2022-06-15T22:02:28.766Z",
      "createdUserId": "user-0",
      "updatedUserId": "user-0"
    },
    {
      "channelContent": {
        "web": {
          "contentFormat": "Markdown",
          "content": "Wow, that sounds really stressful and I understand your anxiety."
        }
      },
      "id": "f929132d-919d-48e6-b0a8-2f0e43aec428",
      "createdTime": "2022-06-15T22:03:47.638Z",
      "updatedTime": "2022-06-15T22:03:47.638Z",
      "createdUserId": "user-0",
      "updatedUserId": "user-0"
    },
    {
      "channelContent": {
        "web": {
          "contentFormat": "Markdown",
          "content": "I’m listening. Tell me all about it"
        }
      },
      "id": "7555a284-4e89-4555-8d5b-6b378a6773d5",
      "createdTime": "2022-06-15T22:04:30.362Z",
      "updatedTime": "2022-06-15T22:04:30.362Z",
      "createdUserId": "user-0",
      "updatedUserId": "user-0"
    }
  ]
}