{
  "intents": [
    {
      "dialogId": "new_topic_26aeb2b0aa6346e3855214a81a7588a3",
      "isTriggeringEnabled": true,
      "id": "new_topic_26aeb2b0aa6346e3855214a81a7588a3",
      "displayName": "SuicidalTopic",
      "createdTime": "2022-06-15T21:50:49.4381552Z",
      "updatedTime": "2022-06-15T22:01:09.2158682Z",
      "createdUserId": "41bfaa7d-f27c-4763-b237-7be097f2ecad",
      "updatedUserId": "41bfaa7d-f27c-4763-b237-7be097f2ecad"
    }
  ],
  "dialogs": [
    {
      "rootNodeId": "b4d1022e-4224-4c49-b9c3-e0f6b409fb9a",
      "messageNodes": [
        {
          "botMessageId": "7b1164b8-a055-414a-aeac-48b8372ca922",
          "nodeType": "BotMessageNode",
          "id": "b4d1022e-4224-4c49-b9c3-e0f6b409fb9a",
          "defaultTargetNodeId": "70afa221-c51d-4cd6-818d-3628ae7a4f08"
        },
        {
          "botMessageId": "4980c2e1-3f8a-4ca8-bfe7-2f6553f794dc",
          "nodeType": "BotMessageNode",
          "id": "70afa221-c51d-4cd6-818d-3628ae7a4f08"
        }
      ],
      "id": "new_topic_26aeb2b0aa6346e3855214a81a7588a3",
      "displayName": "Untitled",
      "createdTime": "2022-06-15T21:50:49.4381552Z",
      "updatedTime": "2022-06-15T22:01:09.2158682Z",
      "createdUserId": "41bfaa7d-f27c-4763-b237-7be097f2ecad",
      "updatedUserId": "41bfaa7d-f27c-4763-b237-7be097f2ecad"
    }
  ],
  "botMessages": [
    {
      "channelContent": {
        "web": {
          "contentFormat": "Markdown",
          "content": "I know it feels like a lot right now. It’s OK to feel that way."
        }
      },
      "id": "7b1164b8-a055-414a-aeac-48b8372ca922",
      "createdTime": "2022-06-15T21:50:29.848Z",
      "updatedTime": "2022-06-15T21:50:29.848Z"
    },
    {
      "channelContent": {
        "web": {
          "contentFormat": "Markdown",
          "content": "But if they become overwhelming, I need you to call me, and I’ll be there."
        }
      },
      "id": "4980c2e1-3f8a-4ca8-bfe7-2f6553f794dc",
      "createdTime": "2022-06-15T22:00:58.063Z",
      "updatedTime": "2022-06-15T22:00:58.063Z",
      "createdUserId": "user-0",
      "updatedUserId": "user-0"
    }
  ]
}