{
  "intents": [
    {
      "dialogId": "new_topic_0a2e9f76a6304d90a9cc8961f5823378",
      "isTriggeringEnabled": true,
      "id": "new_topic_0a2e9f76a6304d90a9cc8961f5823378",
      "displayName": "DepressionTopic",
      "createdTime": "2022-06-15T21:51:41.6601563Z",
      "updatedTime": "2022-06-21T20:36:33.9807349Z",
      "createdUserId": "41bfaa7d-f27c-4763-b237-7be097f2ecad",
      "updatedUserId": "e81c4f21-6d6b-4550-9508-551ce6d8b418"
    }
  ],
  "dialogs": [
    {
      "rootNodeId": "31ca6d34-5186-4e4a-a4aa-67dc249faaf8",
      "messageNodes": [
        {
          "botMessageId": "b3bfdb83-445e-4fea-a38c-c83623ef2fca",
          "nodeType": "BotMessageNode",
          "id": "ec170ef1-3378-475e-8a2b-50880be754cd"
        },
        {
          "botMessageId": "5f8c3640-8378-49b1-832e-1197f14c7282",
          "nodeType": "BotMessageNode",
          "id": "31ca6d34-5186-4e4a-a4aa-67dc249faaf8",
          "defaultTargetNodeId": "ec170ef1-3378-475e-8a2b-50880be754cd"
        }
      ],
      "id": "new_topic_0a2e9f76a6304d90a9cc8961f5823378",
      "displayName": "Untitled",
      "createdTime": "2022-06-15T21:51:41.6601563Z",
      "updatedTime": "2022-06-21T20:36:33.9807349Z",
      "createdUserId": "41bfaa7d-f27c-4763-b237-7be097f2ecad",
      "updatedUserId": "e81c4f21-6d6b-4550-9508-551ce6d8b418"
    }
  ],
  "botMessages": [
    {
      "channelContent": {
        "web": {
          "contentFormat": "Markdown",
          "content": "Let me know if there’s any way I can be helpful."
        }
      },
      "id": "b3bfdb83-445e-4fea-a38c-c83623ef2fca",
      "createdTime": "2022-06-15T21:50:58.485Z",
      "updatedTime": "2022-06-15T21:50:58.485Z"
    },
    {
      "channelContent": {
        "web": {
          "contentFormat": "Markdown",
          "content": "\"Sending you a hug\".\n\nNo pressure to reply, but if you want to talk, I’m here, or we could spend time together without talking about the big stuff."
        }
      },
      "id": "5f8c3640-8378-49b1-832e-1197f14c7282",
      "createdTime": "2022-06-15T21:56:36.821Z",
      "updatedTime": "2022-06-15T21:56:36.821Z",
      "createdUserId": "user-0",
      "updatedUserId": "user-0"
    }
  ]
}