{
  "namedEntities": [
    {
      "synonyms": [
        "home"
      ],
      "id": "ff0ca6dd-de7a-4bee-b849-16210d63f3c5",
      "displayName": "Home User",
      "updatedTime": "2022-06-11T23:26:17.1008533Z",
      "updatedUserId": "41bfaa7d-f27c-4763-b237-7be097f2ecad"
    },
    {
      "synonyms": [
        "gaming"
      ],
      "id": "2ccf421b-89a6-43a8-8b4f-b8d8f63b58bf",
      "displayName": "Gamer",
      "updatedTime": "2022-06-11T23:26:17.1008533Z",
      "updatedUserId": "41bfaa7d-f27c-4763-b237-7be097f2ecad"
    },
    {
      "synonyms": [
        "business"
      ],
      "id": "2d32734c-9552-47c5-963b-563fe1d9ea7e",
      "displayName": "Business User",
      "updatedTime": "2022-06-11T23:26:17.1008533Z",
      "updatedUserId": "41bfaa7d-f27c-4763-b237-7be097f2ecad"
    }
  ],
  "closedListTypes": [
    {
      "namedEntities": [
        "ff0ca6dd-de7a-4bee-b849-16210d63f3c5",
        "2ccf421b-89a6-43a8-8b4f-b8d8f63b58bf",
        "2d32734c-9552-47c5-963b-563fe1d9ea7e"
      ],
      "smartMatchingEnabled": true,
      "customTypeSchema": "ClosedList",
      "id": "new_customtype_3eafb80d910441c1a94d7ae1f2b75e60_f86fcadfd497444e91ed11c12b059d10",
      "displayName": "Usage Type",
      "description": "Lesson 4 Usage Type Entity",
      "createdTime": "2019-10-25T14:03:43.9601778Z",
      "updatedTime": "2022-06-11T23:26:17.1008533Z",
      "createdUserId": "user0",
      "updatedUserId": "41bfaa7d-f27c-4763-b237-7be097f2ecad"
    }
  ]
}