{
  "intents": [
    {
      "dialogId": "new_topic_003b7c9a710345c487b01021e0e5e040",
      "isTriggeringEnabled": true,
      "id": "new_topic_003b7c9a710345c487b01021e0e5e040",
      "displayName": "GeneralTopic",
      "createdTime": "2022-06-15T23:43:13.3104733Z",
      "updatedTime": "2022-06-15T23:43:13.3104733Z",
      "createdUserId": "41bfaa7d-f27c-4763-b237-7be097f2ecad",
      "updatedUserId": "41bfaa7d-f27c-4763-b237-7be097f2ecad"
    }
  ],
  "dialogs": [
    {
      "rootNodeId": "425f310f-7406-4368-afb3-3f36d1c1e03d",
      "messageNodes": [
        {
          "botMessageId": "305f6fda-cc84-4673-b64a-f9dd74f67be2",
          "nodeType": "BotMessageNode",
          "id": "425f310f-7406-4368-afb3-3f36d1c1e03d"
        }
      ],
      "id": "new_topic_003b7c9a710345c487b01021e0e5e040",
      "displayName": "Untitled",
      "createdTime": "2022-06-15T23:43:13.3104733Z",
      "updatedTime": "2022-06-15T23:43:13.3104733Z",
      "createdUserId": "41bfaa7d-f27c-4763-b237-7be097f2ecad",
      "updatedUserId": "41bfaa7d-f27c-4763-b237-7be097f2ecad"
    }
  ],
  "botMessages": [
    {
      "channelContent": {
        "web": {
          "contentFormat": "Markdown",
          "content": "How can I help you."
        }
      },
      "id": "305f6fda-cc84-4673-b64a-f9dd74f67be2",
      "createdTime": "2022-06-15T23:42:49.398Z",
      "updatedTime": "2022-06-15T23:42:49.398Z"
    }
  ]
}