{
  "intents": [
    {
      "systemIntentTypes": [
        "Thankyou"
      ],
      "intentType": "System",
      "triggerQueries": [
        "thanks",
        "thank you",
        "thanks so much",
        "ty"
      ],
      "dialogId": "new_topic_3eafb80d910441c1a94d7ae1f2b75e60_3d2584ec30914684839527e05e7be172_thankyou",
      "isTriggeringEnabled": true,
      "id": "new_topic_3eafb80d910441c1a94d7ae1f2b75e60_3d2584ec30914684839527e05e7be172_thankyou",
      "displayName": "Thank you",
      "description": "System Intent Thank You",
      "createdTime": "2019-01-15T00:00:00Z",
      "updatedTime": "2019-01-15T00:00:00Z",
      "createdUserId": "user0",
      "updatedUserId": "user0"
    }
  ],
  "dialogs": [
    {
      "rootNodeId": "6c46869b-e8cd-4e1a-a80c-9d73e61d71b5",
      "dialogType": "System",
      "messageNodes": [
        {
          "botMessageId": "cff8bb49-7ed4-4552-a6e6-714279f5f24c",
          "nodeType": "BotMessageNode",
          "id": "6c46869b-e8cd-4e1a-a80c-9d73e61d71b5"
        }
      ],
      "id": "new_topic_3eafb80d910441c1a94d7ae1f2b75e60_3d2584ec30914684839527e05e7be172_thankyou",
      "displayName": "Dialog for Thank you",
      "createdTime": "2019-01-15T00:00:00Z",
      "updatedTime": "2019-01-15T00:00:00Z",
      "createdUserId": "user0",
      "updatedUserId": "user0"
    }
  ],
  "botMessages": [
    {
      "channelContent": {
        "web": {
          "contentFormat": "Markdown",
          "content": "You're welcome!"
        }
      },
      "id": "cff8bb49-7ed4-4552-a6e6-714279f5f24c",
      "createdTime": "2019-01-15T00:00:00Z",
      "updatedTime": "2019-01-15T00:00:00Z",
      "createdUserId": "user0",
      "updatedUserId": "user0"
    }
  ]
}