{
  "intents": [
    {
      "systemIntentTypes": [
        "Fallback"
      ],
      "intentType": "System",
      "dialogId": "new_topic_3eafb80d910441c1a94d7ae1f2b75e60_7620a288bb3e455984cace1ade5e259c_fallback",
      "isTriggeringEnabled": true,
      "id": "new_topic_3eafb80d910441c1a94d7ae1f2b75e60_7620a288bb3e455984cace1ade5e259c_fallback",
      "displayName": "Fallback",
      "description": "System topic that includes content and behavior for when the bot can't determine the user's intent. Also includes the variable UnrecognizedTriggerPhrase to capture the unrecognized input.",
      "createdTime": "2020-02-07T00:00:00Z",
      "updatedTime": "2022-06-15T23:43:57.1015849Z",
      "createdUserId": "user0",
      "updatedUserId": "41bfaa7d-f27c-4763-b237-7be097f2ecad"
    }
  ],
  "dialogs": [
    {
      "rootNodeId": "b8deb7cb-8325-4cd4-9d8d-ac40ad323a94",
      "dialogType": "System",
      "actionNodes": [
        {
          "contextVariableId": "ec208665-ef9e-45b2-9c40-a937e4e36316",
          "nodeType": "ActionNode",
          "inputParameterVariableIdMap": {
            "text": "{new_variable_3eafb80d910441c1a94d7ae1f2b75e60_340aefff448e492eac88d718fbdf56ac}"
          },
          "outputExpressionVariableIds": [
            "new_variable_3eafb80d910441c1a94d7ae1f2b75e60_d42972f2c8c34e4a8bed9bcca26bcf45",
            "new_variable_3eafb80d910441c1a94d7ae1f2b75e60_fcfb36ba18a04ca5b53f636ce0993f32",
            "new_variable_3eafb80d910441c1a94d7ae1f2b75e60_c47a85bf9e074f8f979f3905bd93a223"
          ],
          "id": "b8deb7cb-8325-4cd4-9d8d-ac40ad323a94",
          "routes": [
            {
              "expression": "@equals(parameters('new_variable_3eafb80d910441c1a94d7ae1f2b75e60_c47a85bf9e074f8f979f3905bd93a223'), true)",
              "targetNodeId": "caa5539f-da09-4317-bd97-ad1a0e642acc"
            },
            {
              "expression": "@equals(parameters('new_variable_3eafb80d910441c1a94d7ae1f2b75e60_d42972f2c8c34e4a8bed9bcca26bcf45'), true)",
              "targetNodeId": "46993174-7e9a-4ef2-af16-0169144dd67b"
            },
            {
              "expression": "@equals(parameters('new_variable_3eafb80d910441c1a94d7ae1f2b75e60_fcfb36ba18a04ca5b53f636ce0993f32'), true)",
              "targetNodeId": "0df20bdb-84fb-4613-a02b-f303b64194ca"
            }
          ],
          "defaultTargetNodeId": "e89b9922-a099-4bef-af0b-688c859b3957"
        }
      ],
      "dialogChangeNodes": [
        {
          "targetDialogId": "new_topic_172a1c90d4464b4cb09699d009b8fa3a",
          "nodeType": "DialogChangeNode",
          "id": "46993174-7e9a-4ef2-af16-0169144dd67b"
        },
        {
          "targetDialogId": "new_topic_26aeb2b0aa6346e3855214a81a7588a3",
          "nodeType": "DialogChangeNode",
          "id": "caa5539f-da09-4317-bd97-ad1a0e642acc"
        },
        {
          "targetDialogId": "new_topic_0a2e9f76a6304d90a9cc8961f5823378",
          "nodeType": "DialogChangeNode",
          "id": "0df20bdb-84fb-4613-a02b-f303b64194ca"
        },
        {
          "targetDialogId": "new_topic_003b7c9a710345c487b01021e0e5e040",
          "nodeType": "DialogChangeNode",
          "id": "e89b9922-a099-4bef-af0b-688c859b3957"
        }
      ],
      "id": "new_topic_3eafb80d910441c1a94d7ae1f2b75e60_7620a288bb3e455984cace1ade5e259c_fallback",
      "displayName": "Fallback",
      "createdTime": "2020-02-07T00:00:00Z",
      "updatedTime": "2022-06-15T23:43:57.1015849Z",
      "createdUserId": "user0",
      "updatedUserId": "41bfaa7d-f27c-4763-b237-7be097f2ecad"
    }
  ],
  "actionDefinitions": [
    {
      "timeoutInSeconds": 60,
      "retryCount": 1,
      "method": 2,
      "headers": {
        "accept": "application/json"
      },
      "bodyContent": "{\"text\":\"{new_variable_3eafb80d910441c1a94d7ae1f2b75e60_340aefff448e492eac88d718fbdf56ac}\"}",
      "actionType": "Flow",
      "flowMetadata": {
        "id": "e344d44b-b7ec-ec11-bb3d-000d3a36b747",
        "title": "GetStoreMentalHeatlhPrediction",
        "description": "",
        "httpMethod": 2,
        "inputParameters": [
          {
            "name": "inputUserText",
            "id": "text",
            "type": "String",
            "optional": false
          }
        ],
        "outputParameters": [
          {
            "name": "IsAnxious",
            "id": "isanxious",
            "type": "Boolean",
            "optional": true
          },
          {
            "name": "IsDepressed",
            "id": "isdepressed",
            "type": "Boolean",
            "optional": true
          },
          {
            "name": "IsSuicidal",
            "id": "issuicidal",
            "type": "Boolean",
            "optional": true
          }
        ],
        "outputSchemaType": "Json",
        "createdTime": "2022-06-15T14:27:34Z",
        "isEnabled": true,
        "lastModifiedTime": "2022-06-15T14:28:18Z",
        "versionNumber": 4257525
      },
      "id": "aec0f7b2-c732-4d15-a9a3-1f06311ba886",
      "displayName": "GetStoreMentalHeatlhPrediction",
      "description": "",
      "createdTime": "2022-06-15T14:29:16.163Z",
      "updatedTime": "2022-06-15T14:29:16.163Z"
    }
  ],
  "contextVariables": [
    {
      "customTypeId": "bcd8a374-0fab-45bd-8f36-ad769d8ebbfc",
      "initializerType": "Action",
      "scope": "Dialog",
      "greedySlotFillingEnabled": false,
      "isInput": false,
      "externalInitializationAllowed": false,
      "actionId": "aec0f7b2-c732-4d15-a9a3-1f06311ba886",
      "isGlobal": false,
      "id": "ec208665-ef9e-45b2-9c40-a937e4e36316",
      "displayName": "",
      "createdTime": "2022-06-15T14:29:16.163Z",
      "updatedTime": "2022-06-15T23:43:57.1015849Z",
      "createdUserId": "user-0",
      "updatedUserId": "41bfaa7d-f27c-4763-b237-7be097f2ecad"
    }
  ],
  "jsonTypes": [
    {
      "customTypeSchema": "Json",
      "id": "bcd8a374-0fab-45bd-8f36-ad769d8ebbfc",
      "displayName": "Response Json Type for Flow - GetStoreMentalHeatlhPrediction",
      "createdTime": "2022-06-15T14:29:16.163Z",
      "updatedTime": "2022-06-15T14:29:16.163Z"
    }
  ]
}