{
  "contextVariables": [
    {
      "systemType": "Boolean",
      "initializerType": "Expression",
      "scope": "Session",
      "greedySlotFillingEnabled": false,
      "isInput": false,
      "externalInitializationAllowed": true,
      "expression": "@parameters('ec208665-ef9e-45b2-9c40-a937e4e36316')['isdepressed']",
      "isGlobal": true,
      "id": "new_variable_3eafb80d910441c1a94d7ae1f2b75e60_fcfb36ba18a04ca5b53f636ce0993f32",
      "displayName": "IsDepressed",
      "createdTime": "2022-06-15T20:29:52.5106059Z",
      "updatedTime": "2022-06-15T20:29:52.5106059Z",
      "createdUserId": "41bfaa7d-f27c-4763-b237-7be097f2ecad",
      "updatedUserId": "41bfaa7d-f27c-4763-b237-7be097f2ecad"
    }
  ]
}