<bot_botcomponentset>
  <bot_botcomponent botcomponentid.schemaname="new_customtype_3eafb80d910441c1a94d7ae1f2b75e60_92610204747047ac8f788f7eecd91118" botid.schemaname="new_bot_3eafb80d910441c1a94d7ae1f2b75e60">
    <iscustomizable>1</iscustomizable>
  </bot_botcomponent>
  <bot_botcomponent botcomponentid.schemaname="new_customtype_3eafb80d910441c1a94d7ae1f2b75e60_f86fcadfd497444e91ed11c12b059d10" botid.schemaname="new_bot_3eafb80d910441c1a94d7ae1f2b75e60">
    <iscustomizable>1</iscustomizable>
  </bot_botcomponent>
  <bot_botcomponent botcomponentid.schemaname="new_topic_003b7c9a710345c487b01021e0e5e040" botid.schemaname="new_bot_3eafb80d910441c1a94d7ae1f2b75e60">
    <iscustomizable>1</iscustomizable>
  </bot_botcomponent>
  <bot_botcomponent botcomponentid.schemaname="new_topic_0a2e9f76a6304d90a9cc8961f5823378" botid.schemaname="new_bot_3eafb80d910441c1a94d7ae1f2b75e60">
    <iscustomizable>1</iscustomizable>
  </bot_botcomponent>
  <bot_botcomponent botcomponentid.schemaname="new_topic_172a1c90d4464b4cb09699d009b8fa3a" botid.schemaname="new_bot_3eafb80d910441c1a94d7ae1f2b75e60">
    <iscustomizable>1</iscustomizable>
  </bot_botcomponent>
  <bot_botcomponent botcomponentid.schemaname="new_topic_26aeb2b0aa6346e3855214a81a7588a3" botid.schemaname="new_bot_3eafb80d910441c1a94d7ae1f2b75e60">
    <iscustomizable>1</iscustomizable>
  </bot_botcomponent>
  <bot_botcomponent botcomponentid.schemaname="new_topic_3eafb80d910441c1a94d7ae1f2b75e60_21a34f1673a24096a99ba0effb63cc1d" botid.schemaname="new_bot_3eafb80d910441c1a94d7ae1f2b75e60">
    <iscustomizable>1</iscustomizable>
  </bot_botcomponent>
  <bot_botcomponent botcomponentid.schemaname="new_topic_3eafb80d910441c1a94d7ae1f2b75e60_33d5123770ba4daeafae51b361ddc80a" botid.schemaname="new_bot_3eafb80d910441c1a94d7ae1f2b75e60">
    <iscustomizable>1</iscustomizable>
  </bot_botcomponent>
  <bot_botcomponent botcomponentid.schemaname="new_topic_3eafb80d910441c1a94d7ae1f2b75e60_3d2584ec30914684839527e05e7be172_thankyou" botid.schemaname="new_bot_3eafb80d910441c1a94d7ae1f2b75e60">
    <iscustomizable>1</iscustomizable>
  </bot_botcomponent>
  <bot_botcomponent botcomponentid.schemaname="new_topic_3eafb80d910441c1a94d7ae1f2b75e60_7620a288bb3e455984cace1ade5e259c_fallback" botid.schemaname="new_bot_3eafb80d910441c1a94d7ae1f2b75e60">
    <iscustomizable>1</iscustomizable>
  </bot_botcomponent>
  <bot_botcomponent botcomponentid.schemaname="new_topic_3eafb80d910441c1a94d7ae1f2b75e60_85df75ce08a44a9b82cc8f3fdb25f669" botid.schemaname="new_bot_3eafb80d910441c1a94d7ae1f2b75e60">
    <iscustomizable>1</iscustomizable>
  </bot_botcomponent>
  <bot_botcomponent botcomponentid.schemaname="new_topic_3eafb80d910441c1a94d7ae1f2b75e60_8a4964498f83424bb3a86295bf7d0952_startover" botid.schemaname="new_bot_3eafb80d910441c1a94d7ae1f2b75e60">
    <iscustomizable>1</iscustomizable>
  </bot_botcomponent>
  <bot_botcomponent botcomponentid.schemaname="new_topic_3eafb80d910441c1a94d7ae1f2b75e60_954135cafcd647eaae5999ad91fc08cf_talktoagent" botid.schemaname="new_bot_3eafb80d910441c1a94d7ae1f2b75e60">
    <iscustomizable>1</iscustomizable>
  </bot_botcomponent>
  <bot_botcomponent botcomponentid.schemaname="new_topic_3eafb80d910441c1a94d7ae1f2b75e60_aeabea4d071f415c8c107e1cb7af5424_assumedsuccess" botid.schemaname="new_bot_3eafb80d910441c1a94d7ae1f2b75e60">
    <iscustomizable>1</iscustomizable>
  </bot_botcomponent>
  <bot_botcomponent botcomponentid.schemaname="new_topic_3eafb80d910441c1a94d7ae1f2b75e60_ba7b967c97ba4c39bca58a8bb6a72d59_conversationstart" botid.schemaname="new_bot_3eafb80d910441c1a94d7ae1f2b75e60">
    <iscustomizable>1</iscustomizable>
  </bot_botcomponent>
  <bot_botcomponent botcomponentid.schemaname="new_topic_3eafb80d910441c1a94d7ae1f2b75e60_d2198a5ee41a48a5bf70ab8970145a9f_confirmedfailure" botid.schemaname="new_bot_3eafb80d910441c1a94d7ae1f2b75e60">
    <iscustomizable>1</iscustomizable>
  </bot_botcomponent>
  <bot_botcomponent botcomponentid.schemaname="new_topic_3eafb80d910441c1a94d7ae1f2b75e60_db1f76b081dc43389df9dd2df7518737_confirmedsuccess" botid.schemaname="new_bot_3eafb80d910441c1a94d7ae1f2b75e60">
    <iscustomizable>1</iscustomizable>
  </bot_botcomponent>
  <bot_botcomponent botcomponentid.schemaname="new_topic_3eafb80d910441c1a94d7ae1f2b75e60_dbafebd526364487911b63a2a774389f" botid.schemaname="new_bot_3eafb80d910441c1a94d7ae1f2b75e60">
    <iscustomizable>1</iscustomizable>
  </bot_botcomponent>
  <bot_botcomponent botcomponentid.schemaname="new_topic_3eafb80d910441c1a94d7ae1f2b75e60_f56d1a3e522740c78f9fac0939332dbd_goodbye" botid.schemaname="new_bot_3eafb80d910441c1a94d7ae1f2b75e60">
    <iscustomizable>1</iscustomizable>
  </bot_botcomponent>
  <bot_botcomponent botcomponentid.schemaname="new_variable_3eafb80d910441c1a94d7ae1f2b75e60_340aefff448e492eac88d718fbdf56ac" botid.schemaname="new_bot_3eafb80d910441c1a94d7ae1f2b75e60">
    <iscustomizable>1</iscustomizable>
  </bot_botcomponent>
  <bot_botcomponent botcomponentid.schemaname="new_variable_3eafb80d910441c1a94d7ae1f2b75e60_c47a85bf9e074f8f979f3905bd93a223" botid.schemaname="new_bot_3eafb80d910441c1a94d7ae1f2b75e60">
    <iscustomizable>1</iscustomizable>
  </bot_botcomponent>
  <bot_botcomponent botcomponentid.schemaname="new_variable_3eafb80d910441c1a94d7ae1f2b75e60_d42972f2c8c34e4a8bed9bcca26bcf45" botid.schemaname="new_bot_3eafb80d910441c1a94d7ae1f2b75e60">
    <iscustomizable>1</iscustomizable>
  </bot_botcomponent>
  <bot_botcomponent botcomponentid.schemaname="new_variable_3eafb80d910441c1a94d7ae1f2b75e60_fcfb36ba18a04ca5b53f636ce0993f32" botid.schemaname="new_bot_3eafb80d910441c1a94d7ae1f2b75e60">
    <iscustomizable>1</iscustomizable>
  </bot_botcomponent>
</bot_botcomponentset>