<botcomponent_botcomponentset>
  <botcomponent_botcomponent botcomponentidone.schemaname="new_topic_3eafb80d910441c1a94d7ae1f2b75e60_21a34f1673a24096a99ba0effb63cc1d" botcomponentidtwo.schemaname="new_topic_3eafb80d910441c1a94d7ae1f2b75e60_aeabea4d071f415c8c107e1cb7af5424_assumedsuccess">
    <iscustomizable>1</iscustomizable>
  </botcomponent_botcomponent>
  <botcomponent_botcomponent botcomponentidone.schemaname="new_topic_3eafb80d910441c1a94d7ae1f2b75e60_33d5123770ba4daeafae51b361ddc80a" botcomponentidtwo.schemaname="new_topic_3eafb80d910441c1a94d7ae1f2b75e60_aeabea4d071f415c8c107e1cb7af5424_assumedsuccess">
    <iscustomizable>1</iscustomizable>
  </botcomponent_botcomponent>
  <botcomponent_botcomponent botcomponentidone.schemaname="new_topic_3eafb80d910441c1a94d7ae1f2b75e60_7620a288bb3e455984cace1ade5e259c_fallback" botcomponentidtwo.schemaname="new_topic_003b7c9a710345c487b01021e0e5e040">
    <iscustomizable>1</iscustomizable>
  </botcomponent_botcomponent>
  <botcomponent_botcomponent botcomponentidone.schemaname="new_topic_3eafb80d910441c1a94d7ae1f2b75e60_7620a288bb3e455984cace1ade5e259c_fallback" botcomponentidtwo.schemaname="new_topic_0a2e9f76a6304d90a9cc8961f5823378">
    <iscustomizable>1</iscustomizable>
  </botcomponent_botcomponent>
  <botcomponent_botcomponent botcomponentidone.schemaname="new_topic_3eafb80d910441c1a94d7ae1f2b75e60_7620a288bb3e455984cace1ade5e259c_fallback" botcomponentidtwo.schemaname="new_topic_172a1c90d4464b4cb09699d009b8fa3a">
    <iscustomizable>1</iscustomizable>
  </botcomponent_botcomponent>
  <botcomponent_botcomponent botcomponentidone.schemaname="new_topic_3eafb80d910441c1a94d7ae1f2b75e60_7620a288bb3e455984cace1ade5e259c_fallback" botcomponentidtwo.schemaname="new_topic_26aeb2b0aa6346e3855214a81a7588a3">
    <iscustomizable>1</iscustomizable>
  </botcomponent_botcomponent>
  <botcomponent_botcomponent botcomponentidone.schemaname="new_topic_3eafb80d910441c1a94d7ae1f2b75e60_7620a288bb3e455984cace1ade5e259c_fallback" botcomponentidtwo.schemaname="new_variable_3eafb80d910441c1a94d7ae1f2b75e60_c47a85bf9e074f8f979f3905bd93a223">
    <iscustomizable>1</iscustomizable>
  </botcomponent_botcomponent>
  <botcomponent_botcomponent botcomponentidone.schemaname="new_topic_3eafb80d910441c1a94d7ae1f2b75e60_7620a288bb3e455984cace1ade5e259c_fallback" botcomponentidtwo.schemaname="new_variable_3eafb80d910441c1a94d7ae1f2b75e60_d42972f2c8c34e4a8bed9bcca26bcf45">
    <iscustomizable>1</iscustomizable>
  </botcomponent_botcomponent>
  <botcomponent_botcomponent botcomponentidone.schemaname="new_topic_3eafb80d910441c1a94d7ae1f2b75e60_7620a288bb3e455984cace1ade5e259c_fallback" botcomponentidtwo.schemaname="new_variable_3eafb80d910441c1a94d7ae1f2b75e60_fcfb36ba18a04ca5b53f636ce0993f32">
    <iscustomizable>1</iscustomizable>
  </botcomponent_botcomponent>
  <botcomponent_botcomponent botcomponentidone.schemaname="new_topic_3eafb80d910441c1a94d7ae1f2b75e60_85df75ce08a44a9b82cc8f3fdb25f669" botcomponentidtwo.schemaname="new_customtype_3eafb80d910441c1a94d7ae1f2b75e60_f86fcadfd497444e91ed11c12b059d10">
    <iscustomizable>1</iscustomizable>
  </botcomponent_botcomponent>
  <botcomponent_botcomponent botcomponentidone.schemaname="new_topic_3eafb80d910441c1a94d7ae1f2b75e60_85df75ce08a44a9b82cc8f3fdb25f669" botcomponentidtwo.schemaname="new_topic_3eafb80d910441c1a94d7ae1f2b75e60_aeabea4d071f415c8c107e1cb7af5424_assumedsuccess">
    <iscustomizable>1</iscustomizable>
  </botcomponent_botcomponent>
  <botcomponent_botcomponent botcomponentidone.schemaname="new_topic_3eafb80d910441c1a94d7ae1f2b75e60_8a4964498f83424bb3a86295bf7d0952_startover" botcomponentidtwo.schemaname="new_topic_3eafb80d910441c1a94d7ae1f2b75e60_ba7b967c97ba4c39bca58a8bb6a72d59_conversationstart">
    <iscustomizable>1</iscustomizable>
  </botcomponent_botcomponent>
  <botcomponent_botcomponent botcomponentidone.schemaname="new_topic_3eafb80d910441c1a94d7ae1f2b75e60_aeabea4d071f415c8c107e1cb7af5424_assumedsuccess" botcomponentidtwo.schemaname="new_topic_3eafb80d910441c1a94d7ae1f2b75e60_d2198a5ee41a48a5bf70ab8970145a9f_confirmedfailure">
    <iscustomizable>1</iscustomizable>
  </botcomponent_botcomponent>
  <botcomponent_botcomponent botcomponentidone.schemaname="new_topic_3eafb80d910441c1a94d7ae1f2b75e60_aeabea4d071f415c8c107e1cb7af5424_assumedsuccess" botcomponentidtwo.schemaname="new_topic_3eafb80d910441c1a94d7ae1f2b75e60_db1f76b081dc43389df9dd2df7518737_confirmedsuccess">
    <iscustomizable>1</iscustomizable>
  </botcomponent_botcomponent>
  <botcomponent_botcomponent botcomponentidone.schemaname="new_topic_3eafb80d910441c1a94d7ae1f2b75e60_d2198a5ee41a48a5bf70ab8970145a9f_confirmedfailure" botcomponentidtwo.schemaname="new_topic_3eafb80d910441c1a94d7ae1f2b75e60_954135cafcd647eaae5999ad91fc08cf_talktoagent">
    <iscustomizable>1</iscustomizable>
  </botcomponent_botcomponent>
  <botcomponent_botcomponent botcomponentidone.schemaname="new_topic_3eafb80d910441c1a94d7ae1f2b75e60_db1f76b081dc43389df9dd2df7518737_confirmedsuccess" botcomponentidtwo.schemaname="new_customtype_3eafb80d910441c1a94d7ae1f2b75e60_92610204747047ac8f788f7eecd91118">
    <iscustomizable>1</iscustomizable>
  </botcomponent_botcomponent>
  <botcomponent_botcomponent botcomponentidone.schemaname="new_topic_3eafb80d910441c1a94d7ae1f2b75e60_db1f76b081dc43389df9dd2df7518737_confirmedsuccess" botcomponentidtwo.schemaname="new_topic_3eafb80d910441c1a94d7ae1f2b75e60_f56d1a3e522740c78f9fac0939332dbd_goodbye">
    <iscustomizable>1</iscustomizable>
  </botcomponent_botcomponent>
  <botcomponent_botcomponent botcomponentidone.schemaname="new_topic_3eafb80d910441c1a94d7ae1f2b75e60_dbafebd526364487911b63a2a774389f" botcomponentidtwo.schemaname="new_topic_3eafb80d910441c1a94d7ae1f2b75e60_aeabea4d071f415c8c107e1cb7af5424_assumedsuccess">
    <iscustomizable>1</iscustomizable>
  </botcomponent_botcomponent>
</botcomponent_botcomponentset>