<environmentvariabledefinition schemaname="mentalhc_bot_sam_image">
  <defaultvalue>https://mentalhealthcheckstorage.blob.core.windows.net/samimage/Sam.png</defaultvalue>
  <displayname default="bot_sam_image">
    <label description="bot_sam_image" languagecode="1033" />
  </displayname>
  <introducedversion>1.0.0.0</introducedversion>
  <iscustomizable>1</iscustomizable>
  <isrequired>0</isrequired>
  <secretstore>0</secretstore>
  <type>100000000</type>
</environmentvariabledefinition>